season,name,major,height,weight,hometown,position,games_played,games_started,receptions,receiving_yards,receiving_touchdowns,longest_reception,receptions_per_game,average_yards_per_reception,average_receiving_yards_per_game,total_touchdowns,total_points
2023,"benefield, michael",psychology,67,200,"atlanta, ga.",rb,8,5,4,24,0,15,0.5,6.0,3.0,4,24
2023,"wallace, tykeem",criminal justice,69,165,"thomasville, ga.",wr,8,0,5,85,1,54,0.6,17.0,10.6,1,6
2023,"daniels, preston",sport management,71,260,"sandersville, ga.",te,8,4,8,87,0,30,1.0,10.9,10.9,1,6
2023,"benyard, gabriel",sport management,70,185,"ocilla, ga.",rb,4,4,14,333,4,61,3.5,23.8,83.3,5,30
2023,"bohannon, blake",business management,73,200,"woodstock, ga.",wr,8,8,7,152,1,55,0.9,21.7,19.0,1,6
2023,"foster, isaac",business management,70,175,"summerville, ga.",wr,8,7,19,228,1,44,2.4,12.0,28.5,1,6
2023,"clemons, yesiah",business administration,70,215,"griffin, ga.",rb,8,0,2,2,0,1,0.3,1.0,0.3,0,0
2023,"williamson, josh",business,70,150,"snellville, ga.",wr,3,2,1,6,0,6,0.3,6.0,2.0,,
2023,"ashley, qua",integrated health science,70,190,"dublin, ga.",rb,5,0,0,0,0,0,0.0,0.0,0.0,,
2023,"dean, navelle",exercise science,72,185,"columbus, ga.",wr,2,0,0,0,0,0,0.0,0.0,0.0,,
2023,"diggs, alexander",finance,69,200,"snellville, ga.",rb,7,1,3,39,0,31,0.4,13.0,5.6,,
2023,"finer, connor",business management,74,205,"new port richey, fla.",wr,8,2,4,56,0,29,0.5,14.0,7.0,,
2023,"darnell, rowan",biochemistry,76,220,"johns creek, ga.",te,8,0,6,66,1,31,0.8,11.0,8.3,1,6
2023,"kent, carson",businesss management,76,240,"milton, ga.",te,8,5,14,165,0,35,1.8,11.8,20.6,0,0
